{"stats":{"minecraft:killed":{"luminousworld:monarch":1,"minecraft:cow":3},"minecraft:mined":{"minecraft:furnace":1,"luminousworld:grassvariant_4":3,"minecraft:birch_log":1,"minecraft:crafting_table":2,"minecraft:grass":3,"minecraft:grass_block":7,"minecraft:oak_log":2,"minecraft:dirt":2,"luminousworld:grassvariant_3":1,"minecraft:stone":12,"minecraft:oak_leaves":3},"minecraft:used":{"minecraft:stone_pickaxe":10,"minecraft:wooden_pickaxe":4,"minecraft:dirt":2,"minecraft:crafting_table":2,"minecraft:furnace":1,"alexsmobs:animal_dictionary":1,"minecraft:cooked_beef":2},"minecraft:crafted":{"minecraft:oak_planks":8,"minecraft:crafting_table":1,"minecraft:stick":4,"minecraft:wooden_pickaxe":1,"minecraft:stone_pickaxe":1,"minecraft:furnace":1,"minecraft:birch_planks":4},"minecraft:custom":{"minecraft:time_since_rest":12597,"minecraft:interact_with_furnace":3,"minecraft:sprint_one_cm":45994,"minecraft:damage_taken":80,"minecraft:walk_one_cm":43649,"minecraft:mob_kills":4,"minecraft:drop":1,"minecraft:damage_dealt":290,"minecraft:swim_one_cm":4925,"minecraft:interact_with_crafting_table":5,"minecraft:fly_one_cm":9890,"minecraft:play_time":12597,"minecraft:sneak_time":24,"minecraft:walk_under_water_one_cm":465,"minecraft:jump":165,"minecraft:walk_on_water_one_cm":1843,"minecraft:time_since_death":12597,"minecraft:total_world_time":12597,"minecraft:fall_one_cm":2522},"minecraft:picked_up":{"minecraft:birch_log":1,"minecraft:crafting_table":2,"minecraft:cooked_beef":4,"minecraft:leather":5,"minecraft:oak_log":2,"minecraft:dirt":9,"minecraft:arrow":2,"minecraft:wheat_seeds":2,"minecraft:beef":4,"minecraft:cobblestone":12,"minecraft:furnace":1},"minecraft:dropped":{"minecraft:wheat_seeds":1}},"DataVersion":3465}