{"stats":{"minecraft:killed":{"luminousworld:monarch":1,"minecraft:cow":3},"minecraft:mined":{"minecraft:furnace":1,"luminousworld:grassvariant_4":3,"minecraft:birch_log":1,"minecraft:crafting_table":2,"minecraft:grass":3,"minecraft:grass_block":7,"minecraft:oak_log":2,"minecraft:dirt":2,"luminousworld:grassvariant_3":1,"minecraft:tall_grass":1,"minecraft:bamboo":3,"minecraft:stone":12,"minecraft:oak_leaves":3},"minecraft:used":{"minecraft:wheat_seeds":1,"minecraft:stone_pickaxe":10,"minecraft:wooden_pickaxe":4,"minecraft:dirt":2,"minecraft:crafting_table":2,"minecraft:furnace":1,"alexsmobs:animal_dictionary":1,"minecraft:cooked_beef":2},"minecraft:crafted":{"minecraft:oak_planks":8,"minecraft:crafting_table":1,"minecraft:stick":4,"minecraft:wooden_pickaxe":1,"minecraft:stone_pickaxe":1,"minecraft:furnace":1,"minecraft:birch_planks":4},"minecraft:custom":{"minecraft:time_since_rest":24597,"minecraft:interact_with_furnace":3,"minecraft:sprint_one_cm":66336,"minecraft:damage_taken":100,"minecraft:walk_one_cm":76654,"minecraft:mob_kills":4,"minecraft:drop":1,"minecraft:damage_dealt":290,"minecraft:swim_one_cm":7681,"minecraft:interact_with_crafting_table":5,"minecraft:fly_one_cm":17554,"minecraft:open_chest":6,"minecraft:crouch_one_cm":43,"minecraft:play_time":24597,"minecraft:sneak_time":29,"minecraft:walk_under_water_one_cm":523,"minecraft:jump":253,"minecraft:walk_on_water_one_cm":1989,"minecraft:time_since_death":24597,"minecraft:climb_one_cm":642,"minecraft:total_world_time":24597,"minecraft:fall_one_cm":4113},"minecraft:picked_up":{"minecraft:birch_log":1,"minecraft:crafting_table":2,"minecraft:cooked_beef":4,"minecraft:leather":5,"minecraft:oak_log":2,"minecraft:dirt":9,"minecraft:bone":2,"minecraft:arrow":2,"minecraft:wheat_seeds":2,"minecraft:beef":4,"minecraft:bamboo":31,"minecraft:cobblestone":12,"minecraft:furnace":1},"minecraft:dropped":{"minecraft:wheat_seeds":1}},"DataVersion":3465}