{"stats":{"minecraft:killed":{"minecraft:iron_golem":1,"luminousworld:monarch":1,"minecraft:cow":3},"minecraft:mined":{"minecraft:podzol":1,"minecraft:stone_pressure_plate":1,"minecraft:white_bed":1,"luminousworld:grassvariant_4":3,"alexscaves:limestone":12,"minecraft:crafting_table":2,"minecraft:grass_block":8,"minecraft:campfire":8,"minecraft:tall_grass":2,"minecraft:hay_block":13,"minecraft:furnace":1,"minecraft:birch_log":1,"minecraft:grass":4,"minecraft:oak_log":2,"minecraft:coal_ore":1,"minecraft:zombie_head":1,"minecraft:dirt":29,"luminousworld:grassvariant_3":1,"minecraft:bamboo":4,"minecraft:stone":12,"minecraft:oak_leaves":14},"minecraft:used":{"minecraft:wheat_seeds":1,"minecraft:stone_pickaxe":92,"minecraft:wooden_pickaxe":11,"minecraft:dirt":33,"minecraft:crafting_table":2,"born_in_chaos_v1:corpse_maggot":1,"minecraft:lantern":1,"minecraft:bread":1,"minecraft:furnace":1,"minecraft:oak_sapling":1,"alexsmobs:animal_dictionary":1,"minecraft:stone_pressure_plate":1,"minecraft:cooked_beef":4},"minecraft:crafted":{"minecraft:oak_planks":8,"minecraft:crafting_table":1,"minecraft:wooden_pickaxe":1,"minecraft:furnace":1,"minecraft:birch_planks":4,"minecraft:bread":30,"minecraft:stick":4,"minecraft:stone_pickaxe":1,"minecraft:wheat":90},"minecraft:custom":{"minecraft:interact_with_furnace":7,"minecraft:mob_kills":5,"minecraft:interact_with_crafting_table":6,"minecraft:leave_game":1,"minecraft:time_since_death":47610,"minecraft:climb_one_cm":1268,"minecraft:time_since_rest":47610,"minecraft:sprint_one_cm":155124,"minecraft:damage_taken":340,"minecraft:walk_one_cm":193932,"minecraft:drop":1,"minecraft:damage_dealt":1453,"minecraft:swim_one_cm":7681,"minecraft:talked_to_villager":4,"minecraft:fly_one_cm":32793,"minecraft:open_chest":17,"minecraft:crouch_one_cm":1508,"minecraft:play_time":47610,"minecraft:sneak_time":2051,"minecraft:walk_under_water_one_cm":929,"minecraft:jump":466,"minecraft:walk_on_water_one_cm":2472,"minecraft:total_world_time":47610,"minecraft:interact_with_smoker":2,"minecraft:fall_one_cm":9664},"minecraft:broken":{"minecraft:stone_pickaxe":1},"minecraft:picked_up":{"minecraft:birch_log":1,"minecraft:charcoal":16,"born_in_chaos_v1:corpse_maggot":1,"minecraft:crafting_table":2,"minecraft:cooked_beef":4,"minecraft:leather":5,"minecraft:potato":18,"alexscaves:limestone":10,"minecraft:oak_log":2,"minecraft:dirt":36,"minecraft:lantern":1,"minecraft:bone":2,"minecraft:zombie_head":1,"minecraft:wheat_seeds":2,"minecraft:iron_ingot":4,"minecraft:beef":4,"minecraft:poppy":2,"minecraft:rabbit":4,"minecraft:bamboo":40,"minecraft:furnace":1,"minecraft:white_bed":1,"minecraft:stone_pressure_plate":1,"minecraft:arrow":2,"minecraft:pumpkin_pie":4,"minecraft:hay_block":13,"minecraft:oak_sapling":1,"minecraft:mutton":8,"minecraft:coal":1,"minecraft:cobblestone":12},"minecraft:dropped":{"minecraft:wheat_seeds":1}},"DataVersion":3465}