{"stats":{"minecraft:killed":{"minecraft:iron_golem":1,"luminousworld:monarch":1,"alexsmobs:fly":1,"minecraft:cow":3},"minecraft:mined":{"minecraft:podzol":1,"minecraft:stone_pressure_plate":1,"minecraft:white_bed":1,"luminousworld:grassvariant_4":3,"alexscaves:limestone":12,"minecraft:crafting_table":3,"minecraft:grass_block":13,"minecraft:campfire":8,"luminousworld:grassvariant_2":1,"minecraft:tall_grass":4,"minecraft:hay_block":13,"minecraft:furnace":1,"minecraft:birch_log":1,"minecraft:fire":6,"minecraft:grass":8,"minecraft:oak_log":2,"minecraft:coal_ore":1,"minecraft:zombie_head":1,"minecraft:dirt":45,"luminousworld:grassvariant_3":1,"minecraft:bamboo":4,"minecraft:stone":13,"minecraft:oak_leaves":14},"minecraft:used":{"minecraft:wheat_seeds":1,"minecraft:stone_pickaxe":92,"minecraft:wooden_pickaxe":44,"minecraft:dirt":36,"minecraft:crafting_table":3,"alexscaves:limestone":2,"born_in_chaos_v1:corpse_maggot":1,"minecraft:lantern":1,"minecraft:bread":7,"minecraft:furnace":1,"minecraft:oak_sapling":1,"alexsmobs:animal_dictionary":1,"minecraft:stone_pressure_plate":1,"minecraft:cooked_beef":4},"minecraft:crafted":{"minecraft:oak_planks":8,"minecraft:crafting_table":1,"minecraft:wooden_pickaxe":1,"minecraft:furnace":1,"minecraft:birch_planks":4,"minecraft:bread":30,"minecraft:bamboo_block":4,"minecraft:stick":20,"minecraft:iron_pickaxe":1,"minecraft:stone_pickaxe":1,"minecraft:iron_shovel":1,"minecraft:wheat":90},"minecraft:custom":{"minecraft:interact_with_furnace":7,"minecraft:mob_kills":7,"minecraft:interact_with_crafting_table":10,"minecraft:leave_game":2,"minecraft:time_since_death":53147,"minecraft:climb_one_cm":1268,"minecraft:time_since_rest":53147,"minecraft:sprint_one_cm":222632,"minecraft:damage_taken":435,"minecraft:walk_one_cm":238650,"minecraft:drop":4,"minecraft:damage_dealt":1518,"minecraft:swim_one_cm":7681,"minecraft:talked_to_villager":4,"minecraft:fly_one_cm":47452,"minecraft:open_chest":17,"minecraft:crouch_one_cm":1785,"minecraft:play_time":53147,"minecraft:sneak_time":2122,"minecraft:walk_under_water_one_cm":929,"minecraft:jump":562,"minecraft:walk_on_water_one_cm":2472,"minecraft:interact_with_smoker":2,"minecraft:total_world_time":53147,"minecraft:fall_one_cm":12439},"minecraft:broken":{"minecraft:stone_pickaxe":1},"minecraft:picked_up":{"minecraft:birch_log":1,"minecraft:charcoal":16,"born_in_chaos_v1:corpse_maggot":1,"minecraft:crafting_table":3,"minecraft:cooked_beef":4,"minecraft:leather":5,"minecraft:potato":18,"alexscaves:limestone":10,"minecraft:oak_log":2,"minecraft:dirt":56,"minecraft:lantern":1,"minecraft:zombie_head":1,"minecraft:bone":2,"minecraft:wheat_seeds":3,"minecraft:beef":4,"minecraft:iron_ingot":4,"minecraft:poppy":2,"minecraft:rabbit":4,"minecraft:bamboo":40,"minecraft:egg":1,"minecraft:furnace":1,"minecraft:white_bed":1,"minecraft:stone_pressure_plate":1,"minecraft:arrow":2,"minecraft:rotten_flesh":2,"minecraft:pumpkin_pie":4,"minecraft:hay_block":13,"alexsmobs:maggot":1,"minecraft:oak_sapling":1,"minecraft:mutton":8,"minecraft:coal":1,"minecraft:cobblestone":13},"minecraft:dropped":{"minecraft:wheat_seeds":2,"minecraft:rotten_flesh":2}},"DataVersion":3465}