{"stats":{"minecraft:killed":{"luminousworld:monarch":1,"minecraft:cow":3},"minecraft:mined":{"minecraft:podzol":1,"minecraft:hay_block":13,"minecraft:stone_pressure_plate":1,"minecraft:white_bed":1,"minecraft:furnace":1,"luminousworld:grassvariant_4":3,"minecraft:birch_log":1,"alexscaves:limestone":12,"minecraft:crafting_table":2,"minecraft:grass":3,"minecraft:coal_ore":1,"minecraft:grass_block":8,"minecraft:oak_log":2,"minecraft:zombie_head":1,"minecraft:campfire":8,"minecraft:dirt":13,"luminousworld:grassvariant_3":1,"minecraft:tall_grass":2,"minecraft:bamboo":4,"minecraft:stone":12,"minecraft:oak_leaves":14},"minecraft:used":{"minecraft:wheat_seeds":1,"born_in_chaos_v1:corpse_maggot":1,"minecraft:bread":1,"minecraft:stone_pickaxe":48,"minecraft:wooden_pickaxe":4,"minecraft:dirt":13,"minecraft:crafting_table":2,"minecraft:oak_sapling":1,"minecraft:furnace":1,"minecraft:stone_pressure_plate":1,"alexsmobs:animal_dictionary":1,"minecraft:cooked_beef":4},"minecraft:crafted":{"minecraft:oak_planks":8,"minecraft:crafting_table":1,"minecraft:stick":4,"minecraft:wooden_pickaxe":1,"minecraft:stone_pickaxe":1,"minecraft:furnace":1,"minecraft:birch_planks":4,"minecraft:bread":30,"minecraft:wheat":90},"minecraft:custom":{"minecraft:time_since_rest":42597,"minecraft:interact_with_furnace":7,"minecraft:sprint_one_cm":147613,"minecraft:damage_taken":340,"minecraft:walk_one_cm":184515,"minecraft:mob_kills":4,"minecraft:drop":1,"minecraft:damage_dealt":325,"minecraft:talked_to_villager":4,"minecraft:swim_one_cm":7681,"minecraft:interact_with_crafting_table":6,"minecraft:fly_one_cm":32269,"minecraft:open_chest":17,"minecraft:crouch_one_cm":183,"minecraft:play_time":42597,"minecraft:sneak_time":45,"minecraft:walk_under_water_one_cm":929,"minecraft:jump":434,"minecraft:walk_on_water_one_cm":2472,"minecraft:time_since_death":42597,"minecraft:interact_with_smoker":2,"minecraft:climb_one_cm":1268,"minecraft:total_world_time":42597,"minecraft:fall_one_cm":9395},"minecraft:picked_up":{"minecraft:birch_log":1,"born_in_chaos_v1:corpse_maggot":1,"minecraft:crafting_table":2,"minecraft:cooked_beef":4,"minecraft:leather":5,"minecraft:potato":18,"alexscaves:limestone":10,"minecraft:oak_log":2,"minecraft:white_bed":1,"minecraft:stone_pressure_plate":1,"minecraft:dirt":20,"minecraft:lantern":1,"minecraft:zombie_head":1,"minecraft:bone":2,"minecraft:arrow":2,"minecraft:pumpkin_pie":4,"minecraft:wheat_seeds":2,"minecraft:hay_block":13,"minecraft:beef":4,"minecraft:rabbit":4,"minecraft:bamboo":40,"minecraft:oak_sapling":1,"minecraft:mutton":8,"minecraft:coal":1,"minecraft:charcoal":16,"minecraft:cobblestone":12,"minecraft:furnace":1},"minecraft:dropped":{"minecraft:wheat_seeds":1}},"DataVersion":3465}