{"stats":{"minecraft:killed":{"enemyexpansion:direwolf":1,"alexsmobs:terrapin":1,"born_in_chaos_v1:baby_skeleton":1},"minecraft:mined":{"minecraft:grass":1,"minecraft:birch_log":48,"minecraft:stone":11,"minecraft:birch_leaves":10,"minecraft:crafting_table":2},"minecraft:used":{"minecraft:stone_axe":40,"minecraft:stone_sword":4,"minecraft:crafting_table":2,"alexsmobs:animal_dictionary":1,"minecraft:wooden_pickaxe":11},"minecraft:crafted":{"minecraft:stone_sword":1,"minecraft:birch_planks":20,"minecraft:stone_axe":1,"minecraft:crafting_table":1,"minecraft:stick":12,"minecraft:wooden_pickaxe":1,"minecraft:stone_pickaxe":2},"minecraft:custom":{"minecraft:time_since_rest":5446,"minecraft:crouch_one_cm":144,"minecraft:play_time":5446,"minecraft:sprint_one_cm":9997,"tombstone:undead_killed":1,"minecraft:damage_taken":110,"minecraft:walk_one_cm":27358,"minecraft:sneak_time":15,"minecraft:walk_under_water_one_cm":190,"minecraft:mob_kills":3,"minecraft:drop":1,"minecraft:jump":59,"minecraft:walk_on_water_one_cm":760,"minecraft:damage_dealt":356,"minecraft:leave_game":2,"minecraft:time_since_death":5446,"minecraft:total_world_time":5446,"minecraft:swim_one_cm":2663,"minecraft:fall_one_cm":267,"minecraft:interact_with_crafting_table":2,"minecraft:fly_one_cm":3160},"minecraft:picked_up":{"minecraft:birch_log":48,"minecraft:crafting_table":2,"minecraft:bone":1,"minecraft:birch_sapling":1,"minecraft:cobblestone":11,"minecraft:egg":1},"minecraft:dropped":{"minecraft:wooden_pickaxe":1}},"DataVersion":3465}