{"stats":{"minecraft:killed":{"born_in_chaos_v1:zombie_clown":1,"earthmobsmod:jumbo_rabbit":1,"born_in_chaos_v1:baby_skeleton":1,"enemyexpansion:direwolf":1,"luminousworld:trout_fish":6,"minecraft:sheep":1,"alexsmobs:terrapin":2,"minecraft:chicken":13,"luminousworld:bass_fish":3,"minecraft:cow":1},"minecraft:killed_by":{"minecraft:skeleton":1,"iceandfire:fire_dragon":1},"minecraft:mined":{"luminousworld:grassvariant_4":1,"minecraft:crafting_table":4,"minecraft:grass_block":4,"minecraft:coal_block":8,"minecraft:hay_block":11,"minecraft:furnace":4,"minecraft:birch_log":55,"minecraft:birch_leaves":10,"minecraft:grass":4,"minecraft:coal_ore":7,"minecraft:dirt":4,"placeablesmod:cooked_chicken_block":1,"minecraft:stone":63,"minecraft:oak_leaves":6},"minecraft:used":{"minecraft:cooked_mutton":2,"minecraft:stone_sword":58,"minecraft:stone_pickaxe":74,"minecraft:stone_shovel":3,"minecraft:wooden_pickaxe":11,"minecraft:cooked_chicken":2,"minecraft:crafting_table":4,"minecraft:stone_axe":72,"ecologics:coconut_slice":4,"minecraft:furnace":4,"tombstone:gift":2,"alexsmobs:animal_dictionary":2,"minecraft:cooked_beef":1},"minecraft:crafted":{"minecraft:cooked_beef":3,"minecraft:stone_shovel":1,"luminousworld:cooked_bass":3,"minecraft:crafting_table":1,"minecraft:wooden_pickaxe":1,"minecraft:cooked_chicken":9,"minecraft:furnace":3,"luminousworld:cooked_trout":6,"minecraft:birch_planks":20,"minecraft:stone_axe":1,"minecraft:cooked_mutton":2,"minecraft:air":0,"minecraft:stick":12,"minecraft:stone_pickaxe":2,"minecraft:stone_sword":1},"minecraft:custom":{"minecraft:interact_with_furnace":28,"minecraft:mob_kills":30,"minecraft:interact_with_crafting_table":5,"minecraft:leave_game":3,"minecraft:time_since_death":0,"minecraft:climb_one_cm":832,"minecraft:time_since_rest":536,"minecraft:sprint_one_cm":190698,"minecraft:damage_taken":940,"minecraft:walk_one_cm":173668,"minecraft:drop":1,"minecraft:damage_dealt":1876,"minecraft:swim_one_cm":25545,"minecraft:fly_one_cm":86966,"minecraft:open_chest":3,"minecraft:crouch_one_cm":2186,"minecraft:play_time":25748,"tombstone:undead_killed":2,"minecraft:deaths":3,"minecraft:sneak_time":667,"minecraft:walk_under_water_one_cm":11543,"minecraft:jump":653,"minecraft:walk_on_water_one_cm":17455,"minecraft:total_world_time":25748,"minecraft:fall_one_cm":15419},"minecraft:picked_up":{"minecraft:birch_log":55,"minecraft:crafting_table":4,"minecraft:feather":11,"minecraft:chicken":13,"luminousworld:trout":6,"minecraft:dirt":8,"minecraft:lantern":1,"born_in_chaos_v1:intoxicating_decoction":1,"minecraft:bone":2,"iceandfire:bestiary":1,"minecraft:wheat_seeds":1,"minecraft:rabbit_hide":2,"minecraft:beef":3,"minecraft:cooked_chicken":1,"minecraft:coal_block":8,"minecraft:birch_sapling":6,"minecraft:egg":10,"minecraft:furnace":4,"luminousworld:bass_item":3,"minecraft:stick":7,"ecologics:coconut_slice":4,"minecraft:rabbit_foot":1,"minecraft:rotten_flesh":4,"minecraft:hay_block":11,"minecraft:mutton":2,"minecraft:coal":7,"minecraft:white_wool":1,"minecraft:cobblestone":60},"minecraft:dropped":{"minecraft:wooden_pickaxe":1}},"DataVersion":3465}