{"stats":{"minecraft:killed":{"minecraft:sheep":1,"born_in_chaos_v1:zombie_clown":1,"alexsmobs:terrapin":2,"minecraft:chicken":13,"born_in_chaos_v1:baby_skeleton":1,"luminousworld:bass_fish":3,"enemyexpansion:direwolf":1,"luminousworld:trout_fish":6,"minecraft:cow":1},"minecraft:mined":{"minecraft:furnace":4,"minecraft:birch_log":55,"minecraft:birch_leaves":10,"minecraft:crafting_table":4,"minecraft:grass":4,"minecraft:grass_block":2,"minecraft:coal_ore":7,"minecraft:dirt":3,"placeablesmod:cooked_chicken_block":1,"minecraft:stone":51,"minecraft:oak_leaves":2},"minecraft:used":{"minecraft:cooked_mutton":2,"minecraft:stone_sword":56,"minecraft:stone_shovel":3,"minecraft:stone_pickaxe":54,"minecraft:wooden_pickaxe":11,"minecraft:stone_axe":61,"minecraft:crafting_table":4,"minecraft:furnace":4,"alexsmobs:animal_dictionary":2,"minecraft:cooked_beef":1},"minecraft:crafted":{"minecraft:cooked_beef":3,"minecraft:stone_shovel":1,"luminousworld:cooked_bass":3,"minecraft:crafting_table":1,"minecraft:stick":12,"minecraft:cooked_chicken":7,"minecraft:wooden_pickaxe":1,"minecraft:stone_pickaxe":2,"luminousworld:cooked_trout":6,"minecraft:stone_sword":1,"minecraft:furnace":3,"minecraft:birch_planks":20,"minecraft:stone_axe":1,"minecraft:cooked_mutton":2,"minecraft:air":0},"minecraft:custom":{"minecraft:time_since_rest":9323,"minecraft:interact_with_furnace":20,"minecraft:sprint_one_cm":106409,"minecraft:damage_taken":420,"minecraft:walk_one_cm":127287,"minecraft:mob_kills":29,"minecraft:drop":1,"minecraft:damage_dealt":1776,"minecraft:swim_one_cm":16394,"minecraft:interact_with_crafting_table":5,"minecraft:fly_one_cm":36842,"minecraft:crouch_one_cm":1741,"minecraft:play_time":15825,"tombstone:undead_killed":2,"minecraft:deaths":1,"minecraft:sneak_time":536,"minecraft:walk_under_water_one_cm":10410,"minecraft:jump":378,"minecraft:walk_on_water_one_cm":14216,"minecraft:leave_game":2,"minecraft:time_since_death":9922,"minecraft:total_world_time":15825,"minecraft:fall_one_cm":5612},"minecraft:picked_up":{"minecraft:birch_log":55,"luminousworld:bass_item":3,"minecraft:stick":7,"minecraft:crafting_table":4,"minecraft:feather":11,"minecraft:chicken":13,"luminousworld:trout":6,"minecraft:dirt":5,"born_in_chaos_v1:intoxicating_decoction":1,"minecraft:bone":2,"minecraft:rotten_flesh":4,"minecraft:wheat_seeds":1,"minecraft:beef":3,"minecraft:cooked_chicken":1,"minecraft:mutton":2,"minecraft:birch_sapling":6,"minecraft:coal":7,"minecraft:furnace":4,"minecraft:white_wool":1,"minecraft:cobblestone":48,"minecraft:egg":10},"minecraft:dropped":{"minecraft:wooden_pickaxe":1}},"DataVersion":3465}