{"stats":{"minecraft:killed":{"minecraft:sheep":1,"born_in_chaos_v1:zombie_clown":1,"alexsmobs:terrapin":1,"minecraft:chicken":4,"born_in_chaos_v1:baby_skeleton":1,"enemyexpansion:direwolf":1},"minecraft:mined":{"minecraft:birch_log":48,"minecraft:birch_leaves":10,"minecraft:crafting_table":3,"minecraft:grass":2,"minecraft:grass_block":2,"minecraft:coal_ore":7,"minecraft:stone":27},"minecraft:used":{"minecraft:stone_sword":25,"minecraft:stone_pickaxe":25,"minecraft:wooden_pickaxe":11,"minecraft:stone_axe":46,"minecraft:crafting_table":3,"alexsmobs:animal_dictionary":2},"minecraft:crafted":{"minecraft:stone_shovel":1,"minecraft:crafting_table":1,"minecraft:stick":12,"minecraft:wooden_pickaxe":1,"minecraft:stone_pickaxe":2,"minecraft:stone_sword":1,"minecraft:birch_planks":20,"minecraft:stone_axe":1},"minecraft:custom":{"minecraft:time_since_rest":3323,"minecraft:sprint_one_cm":48186,"minecraft:damage_taken":420,"minecraft:walk_one_cm":61533,"minecraft:mob_kills":9,"minecraft:drop":1,"minecraft:damage_dealt":946,"minecraft:swim_one_cm":5804,"minecraft:interact_with_crafting_table":3,"minecraft:fly_one_cm":15672,"minecraft:crouch_one_cm":144,"minecraft:play_time":9825,"tombstone:undead_killed":2,"minecraft:deaths":1,"minecraft:sneak_time":228,"minecraft:walk_under_water_one_cm":3155,"minecraft:jump":229,"minecraft:walk_on_water_one_cm":4556,"minecraft:leave_game":2,"minecraft:time_since_death":3922,"minecraft:total_world_time":9825,"minecraft:fall_one_cm":2564},"minecraft:picked_up":{"minecraft:birch_log":48,"minecraft:stick":2,"minecraft:crafting_table":3,"minecraft:feather":4,"minecraft:chicken":4,"minecraft:dirt":2,"born_in_chaos_v1:intoxicating_decoction":1,"minecraft:bone":2,"minecraft:rotten_flesh":4,"minecraft:mutton":2,"minecraft:birch_sapling":4,"minecraft:coal":7,"minecraft:white_wool":1,"minecraft:cobblestone":26,"minecraft:egg":4},"minecraft:dropped":{"minecraft:wooden_pickaxe":1}},"DataVersion":3465}