{"stats":{"minecraft:killed":{"earthmobsmod:jumbo_rabbit":2,"born_in_chaos_v1:restless_spirit":5,"minecraft:spider":4,"luminousworld:swallowtail":1,"born_in_chaos_v1:siamese_skeletonsright":1,"creeperoverhaul:bamboo_creeper":1,"minecraft:chicken":3,"ecologics:coconut_crab":2,"undead_revamp2:sucker":1,"minecraft:pig":1,"undead_revamp2:the_moonflower":2,"minecraft:rabbit":1,"earthmobsmod:lobber_zombie":1,"born_in_chaos_v1:decrepit_skeleton":1,"minecraft:sheep":2,"minecraft:zombie":5,"born_in_chaos_v1:corpse_fly":10},"minecraft:killed_by":{"undead_revamp2:the_moonflower":1,"minecraft:bee":1,"minecraft:zombie":1},"minecraft:mined":{"luminousworld:groundpebbles_1":1,"iceandfire:silver_ore":3,"quark:yellow_blossom_leaves":36,"luminousworld:grassvariant_4":5,"minecraft:grass_block":17,"luminousworld:grassvariant_2":11,"born_in_chaos_v1:gnawed_bones":2,"minecraft:spawner":1,"minecraft:furnace":1,"minecraft:iron_ore":2,"minecraft:bamboo":4,"minecraft:stone":118,"minecraft:white_wool":1,"luminousworld:creepbush":1,"born_in_chaos_v1:marigolds":1,"minecraft:crafting_table":5,"minecraft:torch":4,"minecraft:melon":9,"luminousworld:auburnlog":7,"minecraft:copper_ore":1,"minecraft:cobblestone":8,"minecraft:oak_planks":7,"minecraft:wall_torch":12,"luminousworld:whiteoaklog":2,"minecraft:birch_log":27,"minecraft:birch_leaves":1,"minecraft:grass":22,"minecraft:coal_ore":43,"minecraft:oak_log":43,"minecraft:dirt":35,"luminousworld:grassvariant_3":2,"minecraft:cobweb":4,"minecraft:oak_leaves":10,"minecraft:fern":2},"minecraft:used":{"minecraft:stone_sword":123,"iceandfire:silver_sword":182,"minecraft:rotten_flesh":5,"minecraft:cooked_chicken":3,"minecraft:torch":39,"minecraft:dirt":68,"minecraft:carrot":4,"born_in_chaos_v1:corpse_maggot":4,"minecraft:wooden_axe":28,"born_in_chaos_v1:smoked_flesh":2,"born_in_chaos_v1:gnawed_bones":2,"minecraft:furnace":5,"tombstone:gift":2,"minecraft:egg":1,"minecraft:cooked_beef":2,"minecraft:cooked_mutton":1,"minecraft:stone_pickaxe":141,"minecraft:oak_planks":25,"minecraft:wooden_pickaxe":59,"minecraft:sandstone":2,"minecraft:white_wool":1,"minecraft:crafting_table":9,"minecraft:bread":2,"minecraft:melon_slice":30,"born_in_chaos_v1:marigolds":1,"minecraft:stone_axe":59,"ecologics:coconut_slice":5,"minecraft:cobblestone":73,"minecraft:birch_log":4,"alexsmobs:animal_dictionary":5},"minecraft:crafted":{"minecraft:oak_planks":128,"minecraft:cooked_chicken":3,"minecraft:furnace":4,"minecraft:cooked_mutton":1,"luminousworld:white_oak_plank":8,"minecraft:stone_pickaxe":2,"iceandfire:silver_ingot":3,"minecraft:crafting_table":6,"minecraft:wooden_pickaxe":1,"minecraft:stone_axe":1,"minecraft:air":0,"minecraft:charcoal":4,"minecraft:stick":24,"quark:oak_chest":1,"minecraft:iron_ingot":1,"minecraft:wooden_axe":1,"minecraft:stone_sword":1,"minecraft:torch":44,"iceandfire:silver_sword":1},"minecraft:broken":{"minecraft:wooden_pickaxe":1,"minecraft:stone_pickaxe":1},"minecraft:custom":{"minecraft:mob_kills":50,"minecraft:interact_with_crafting_table":30,"minecraft:open_barrel":5,"minecraft:damage_dealt_resisted":543,"minecraft:leave_game":4,"minecraft:time_since_death":114419,"minecraft:climb_one_cm":1944,"minecraft:sprint_one_cm":329087,"minecraft:walk_one_cm":659072,"minecraft:drop":19,"minecraft:talked_to_villager":2,"minecraft:play_time":163601,"minecraft:deaths":3,"minecraft:sneak_time":1707,"minecraft:walk_under_water_one_cm":5176,"minecraft:jump":1783,"minecraft:walk_on_water_one_cm":7521,"minecraft:total_world_time":163601,"minecraft:interact_with_furnace":40,"minecraft:pot_flower":1,"minecraft:sleep_in_bed":1,"minecraft:time_since_rest":4961,"minecraft:damage_taken":1883,"minecraft:damage_dealt":6808,"minecraft:swim_one_cm":6344,"minecraft:fly_one_cm":177985,"minecraft:open_chest":33,"minecraft:crouch_one_cm":3947,"tombstone:undead_killed":11,"minecraft:interact_with_smoker":1,"minecraft:fall_one_cm":33403},"minecraft:picked_up":{"minecraft:wooden_axe":1,"luminousworld:groundpebbles_1":4,"minecraft:crafting_table":4,"minecraft:chicken":3,"minecraft:string":7,"minecraft:raw_copper":4,"born_in_chaos_v1:intoxicating_decoction":1,"born_in_chaos_v1:gnawed_bones":3,"minecraft:melon_slice":36,"minecraft:birch_sapling":4,"minecraft:egg":1,"ecologics:crab_claw":2,"minecraft:furnace":1,"minecraft:stick":3,"minecraft:raw_iron":1,"minecraft:sandstone":2,"luminousworld:auburnlog":7,"ecologics:coconut_slice":5,"minecraft:torch":15,"minecraft:porkchop":3,"tombstone:grave_dust":1,"minecraft:rabbit_foot":3,"minecraft:rotten_flesh":17,"supplementaries:ash":2,"minecraft:mutton":1,"minecraft:white_wool":2,"minecraft:cobblestone":124,"born_in_chaos_v1:fused_bone":2,"minecraft:birch_log":27,"born_in_chaos_v1:corpse_maggot":7,"minecraft:feather":1,"minecraft:cooked_beef":2,"minecraft:oak_log":40,"minecraft:dirt":70,"born_in_chaos_v1:marigolds":1,"minecraft:bone":7,"minecraft:wheat_seeds":1,"minecraft:rabbit_hide":6,"minecraft:rabbit":1,"minecraft:bamboo":7,"minecraft:oak_planks":7,"luminousworld:creepberries":2,"born_in_chaos_v1:ethereal_spirit":6,"luminousworld:whiteoaklog":2,"minecraft:gray_wool":1,"tombstone:magic_scroll":1,"minecraft:oak_sapling":1,"minecraft:coal":44,"iceandfire:raw_silver":3},"minecraft:dropped":{"minecraft:wheat_seeds":1,"minecraft:feather":1,"minecraft:cobblestone":5,"luminousworld:creepberries":1,"ecologics:crab_claw":2,"tombstone:magic_scroll":1,"minecraft:wooden_axe":1,"born_in_chaos_v1:fused_bone":2,"minecraft:birch_log":1,"quark:oak_chest":1,"minecraft:raw_copper":4,"minecraft:birch_sapling":4,"minecraft:rotten_flesh":5,"born_in_chaos_v1:corpse_maggot":3,"ecologics:coconut_husk":5,"minecraft:oak_sapling":1}},"DataVersion":3465}