{"stats":{"minecraft:killed":{"earthmobsmod:jumbo_rabbit":2,"born_in_chaos_v1:restless_spirit":5,"minecraft:spider":4,"minecraft:rabbit":1,"undead_revamp2:the_moonflower":2,"earthmobsmod:lobber_zombie":1,"luminousworld:swallowtail":1,"born_in_chaos_v1:siamese_skeletonsright":1,"born_in_chaos_v1:decrepit_skeleton":1,"creeperoverhaul:bamboo_creeper":1,"minecraft:sheep":2,"minecraft:zombie":5,"minecraft:chicken":3,"born_in_chaos_v1:corpse_fly":10,"ecologics:coconut_crab":2,"undead_revamp2:sucker":1},"minecraft:killed_by":{"undead_revamp2:the_moonflower":1,"minecraft:zombie":1,"minecraft:bee":1},"minecraft:mined":{"luminousworld:groundpebbles_1":1,"born_in_chaos_v1:marigolds":1,"iceandfire:silver_ore":3,"quark:yellow_blossom_leaves":36,"luminousworld:grassvariant_4":5,"minecraft:crafting_table":5,"minecraft:torch":3,"minecraft:grass_block":14,"minecraft:melon":7,"luminousworld:auburnlog":7,"luminousworld:grassvariant_2":11,"minecraft:copper_ore":1,"minecraft:cobblestone":8,"minecraft:oak_planks":5,"born_in_chaos_v1:gnawed_bones":2,"minecraft:spawner":1,"minecraft:wall_torch":6,"luminousworld:whiteoaklog":2,"minecraft:furnace":1,"minecraft:iron_ore":2,"minecraft:birch_log":27,"minecraft:grass":16,"minecraft:oak_log":41,"minecraft:coal_ore":43,"minecraft:dirt":35,"minecraft:bamboo":4,"luminousworld:grassvariant_3":2,"minecraft:cobweb":4,"minecraft:white_wool":1,"minecraft:stone":118,"minecraft:fern":2,"luminousworld:creepbush":1,"minecraft:oak_leaves":5},"minecraft:used":{"minecraft:cooked_mutton":1,"minecraft:stone_sword":123,"iceandfire:silver_sword":170,"minecraft:stone_pickaxe":141,"minecraft:oak_planks":25,"minecraft:wooden_pickaxe":59,"minecraft:sandstone":2,"minecraft:white_wool":1,"minecraft:cooked_chicken":3,"minecraft:rotten_flesh":5,"minecraft:torch":32,"minecraft:dirt":65,"minecraft:crafting_table":9,"minecraft:carrot":3,"born_in_chaos_v1:corpse_maggot":3,"minecraft:wooden_axe":28,"minecraft:melon_slice":24,"born_in_chaos_v1:gnawed_bones":2,"born_in_chaos_v1:marigolds":1,"minecraft:stone_axe":55,"ecologics:coconut_slice":5,"minecraft:cobblestone":73,"minecraft:furnace":5,"alexsmobs:animal_dictionary":5,"minecraft:birch_log":3,"tombstone:gift":2,"minecraft:egg":1,"minecraft:cooked_beef":2},"minecraft:crafted":{"minecraft:oak_planks":128,"iceandfire:silver_ingot":3,"minecraft:crafting_table":6,"minecraft:wooden_pickaxe":1,"minecraft:cooked_chicken":3,"minecraft:furnace":4,"minecraft:stone_axe":1,"minecraft:cooked_mutton":1,"minecraft:air":0,"minecraft:charcoal":4,"luminousworld:white_oak_plank":8,"minecraft:stick":24,"quark:oak_chest":1,"minecraft:stone_pickaxe":2,"minecraft:wooden_axe":1,"minecraft:stone_sword":1,"minecraft:torch":44,"iceandfire:silver_sword":1},"minecraft:custom":{"minecraft:interact_with_furnace":32,"minecraft:mob_kills":49,"minecraft:open_barrel":3,"minecraft:interact_with_crafting_table":30,"minecraft:pot_flower":1,"minecraft:damage_dealt_resisted":543,"minecraft:leave_game":3,"minecraft:time_since_death":97406,"minecraft:climb_one_cm":765,"minecraft:time_since_rest":95007,"minecraft:sprint_one_cm":282740,"minecraft:damage_taken":1753,"minecraft:walk_one_cm":541355,"minecraft:drop":18,"minecraft:damage_dealt":6708,"minecraft:swim_one_cm":6344,"minecraft:fly_one_cm":150998,"minecraft:open_chest":27,"minecraft:crouch_one_cm":3757,"minecraft:play_time":146588,"tombstone:undead_killed":11,"minecraft:deaths":3,"minecraft:sneak_time":1690,"minecraft:walk_under_water_one_cm":5176,"minecraft:jump":1553,"minecraft:walk_on_water_one_cm":7521,"minecraft:total_world_time":146588,"minecraft:fall_one_cm":28773},"minecraft:broken":{"minecraft:stone_pickaxe":1,"minecraft:wooden_pickaxe":1},"minecraft:picked_up":{"minecraft:wooden_axe":1,"minecraft:birch_log":27,"luminousworld:groundpebbles_1":4,"born_in_chaos_v1:corpse_maggot":7,"minecraft:crafting_table":4,"minecraft:feather":1,"minecraft:cooked_beef":2,"minecraft:chicken":3,"minecraft:oak_log":40,"born_in_chaos_v1:intoxicating_decoction":1,"minecraft:string":7,"minecraft:dirt":67,"minecraft:raw_copper":4,"born_in_chaos_v1:marigolds":1,"minecraft:bone":5,"minecraft:wheat_seeds":1,"minecraft:rabbit_hide":6,"born_in_chaos_v1:gnawed_bones":3,"minecraft:bamboo":7,"minecraft:rabbit":1,"minecraft:oak_planks":5,"minecraft:melon_slice":29,"minecraft:birch_sapling":4,"minecraft:furnace":1,"ecologics:crab_claw":2,"minecraft:egg":1,"minecraft:raw_iron":1,"minecraft:stick":1,"luminousworld:auburnlog":7,"minecraft:sandstone":2,"ecologics:coconut_slice":5,"luminousworld:creepberries":2,"minecraft:torch":9,"born_in_chaos_v1:ethereal_spirit":6,"tombstone:grave_dust":1,"minecraft:rabbit_foot":3,"luminousworld:whiteoaklog":2,"minecraft:rotten_flesh":15,"minecraft:gray_wool":1,"supplementaries:ash":2,"tombstone:magic_scroll":1,"minecraft:oak_sapling":1,"minecraft:mutton":1,"minecraft:coal":44,"minecraft:white_wool":2,"iceandfire:raw_silver":3,"minecraft:cobblestone":124,"born_in_chaos_v1:fused_bone":2},"minecraft:dropped":{"minecraft:wheat_seeds":1,"minecraft:raw_copper":4,"minecraft:birch_sapling":4,"minecraft:feather":1,"minecraft:cobblestone":5,"luminousworld:creepberries":1,"ecologics:crab_claw":2,"tombstone:magic_scroll":1,"minecraft:wooden_axe":1,"ecologics:coconut_husk":5,"born_in_chaos_v1:corpse_maggot":3,"born_in_chaos_v1:fused_bone":2,"minecraft:oak_sapling":1,"minecraft:birch_log":1,"quark:oak_chest":1}},"DataVersion":3465}