{"stats":{"minecraft:killed_by":{"undead_revamp2:the_moonflower":1,"minecraft:zombie":1,"minecraft:bee":1},"minecraft:dropped":{"tombstone:magic_scroll":1,"minecraft:wooden_axe":1,"minecraft:birch_log":1},"minecraft:mined":{"iceandfire:silver_ore":3,"born_in_chaos_v1:marigolds":1,"luminousworld:grassvariant_4":1,"minecraft:crafting_table":2,"minecraft:grass_block":8,"luminousworld:grassvariant_2":8,"minecraft:cobblestone":4,"luminousworld:whiteoaklog":2,"minecraft:birch_log":15,"minecraft:grass":8,"minecraft:coal_ore":9,"minecraft:oak_log":19,"minecraft:dirt":31,"luminousworld:grassvariant_3":1,"minecraft:stone":26,"minecraft:oak_leaves":3},"minecraft:killed":{"earthmobsmod:jumbo_rabbit":2,"undead_revamp2:the_moonflower":1,"minecraft:rabbit":1,"earthmobsmod:lobber_zombie":1,"luminousworld:swallowtail":1,"born_in_chaos_v1:siamese_skeletonsright":1,"minecraft:sheep":2,"minecraft:zombie":5},"minecraft:picked_up":{"born_in_chaos_v1:fused_bone":1,"minecraft:birch_log":15,"minecraft:crafting_table":2,"minecraft:cooked_beef":2,"minecraft:oak_log":18,"minecraft:dirt":39,"born_in_chaos_v1:marigolds":1,"minecraft:rabbit_hide":6,"minecraft:rabbit":1,"minecraft:egg":1,"minecraft:rabbit_foot":3,"luminousworld:whiteoaklog":2,"minecraft:rotten_flesh":5,"minecraft:gray_wool":1,"supplementaries:ash":2,"tombstone:magic_scroll":1,"minecraft:mutton":1,"minecraft:coal":9,"iceandfire:raw_silver":3,"minecraft:white_wool":1,"minecraft:cobblestone":30,"minecraft:wooden_axe":1},"minecraft:custom":{"minecraft:interact_with_furnace":11,"minecraft:mob_kills":15,"minecraft:interact_with_crafting_table":5,"minecraft:leave_game":3,"minecraft:time_since_death":13656,"minecraft:time_since_rest":11257,"minecraft:sprint_one_cm":151436,"minecraft:damage_taken":1023,"minecraft:walk_one_cm":190916,"minecraft:drop":3,"minecraft:damage_dealt":1563,"minecraft:swim_one_cm":3710,"minecraft:fly_one_cm":75062,"minecraft:crouch_one_cm":740,"minecraft:play_time":62838,"tombstone:undead_killed":8,"minecraft:deaths":3,"minecraft:sneak_time":149,"minecraft:walk_under_water_one_cm":4785,"minecraft:jump":704,"minecraft:walk_on_water_one_cm":4753,"minecraft:total_world_time":62838,"minecraft:fall_one_cm":10550},"minecraft:crafted":{"minecraft:oak_planks":40,"minecraft:crafting_table":2,"minecraft:wooden_pickaxe":1,"minecraft:furnace":1,"minecraft:cooked_mutton":1,"minecraft:air":0,"minecraft:charcoal":4,"luminousworld:white_oak_plank":8,"minecraft:stick":8,"minecraft:stone_pickaxe":1,"minecraft:wooden_axe":1,"minecraft:stone_sword":1},"minecraft:used":{"minecraft:cooked_mutton":1,"minecraft:stone_sword":57,"minecraft:stone_pickaxe":3,"minecraft:wooden_pickaxe":41,"minecraft:dirt":36,"minecraft:crafting_table":3,"minecraft:wooden_axe":28,"born_in_chaos_v1:marigolds":1,"minecraft:cobblestone":5,"minecraft:furnace":1,"minecraft:birch_log":3,"tombstone:gift":1,"alexsmobs:animal_dictionary":5,"minecraft:egg":1,"minecraft:cooked_beef":2}},"DataVersion":3465}