{"stats":{"minecraft:killed_by":{"undead_revamp2:the_moonflower":1,"minecraft:zombie":1,"minecraft:bee":1},"minecraft:dropped":{"minecraft:wooden_axe":1,"minecraft:birch_log":1},"minecraft:mined":{"luminousworld:whiteoaklog":2,"born_in_chaos_v1:marigolds":1,"minecraft:birch_log":9,"minecraft:crafting_table":1,"minecraft:grass":2,"minecraft:grass_block":7,"minecraft:oak_log":13,"minecraft:coal_ore":9,"minecraft:dirt":30,"minecraft:cobblestone":4,"minecraft:stone":26,"minecraft:oak_leaves":3},"minecraft:killed":{"minecraft:sheep":2,"minecraft:zombie":5,"undead_revamp2:the_moonflower":1,"luminousworld:swallowtail":1,"born_in_chaos_v1:siamese_skeletonsright":1},"minecraft:picked_up":{"born_in_chaos_v1:fused_bone":1,"minecraft:birch_log":9,"minecraft:crafting_table":1,"minecraft:oak_log":12,"minecraft:dirt":37,"luminousworld:whiteoaklog":2,"born_in_chaos_v1:marigolds":1,"minecraft:rotten_flesh":5,"minecraft:gray_wool":1,"tombstone:magic_scroll":1,"minecraft:mutton":1,"minecraft:coal":9,"minecraft:cobblestone":30,"minecraft:white_wool":1,"minecraft:wooden_axe":1,"minecraft:egg":1},"minecraft:custom":{"minecraft:time_since_rest":1,"minecraft:interact_with_furnace":8,"minecraft:sprint_one_cm":96407,"minecraft:damage_taken":738,"minecraft:walk_one_cm":123199,"minecraft:mob_kills":10,"minecraft:drop":2,"minecraft:damage_dealt":1366,"minecraft:swim_one_cm":3089,"minecraft:interact_with_crafting_table":4,"minecraft:fly_one_cm":51063,"minecraft:play_time":50838,"minecraft:crouch_one_cm":701,"tombstone:undead_killed":7,"minecraft:deaths":3,"minecraft:sneak_time":146,"minecraft:walk_under_water_one_cm":4541,"minecraft:jump":484,"minecraft:leave_game":3,"minecraft:time_since_death":1656,"minecraft:walk_on_water_one_cm":3975,"minecraft:total_world_time":50838,"minecraft:fall_one_cm":7576},"minecraft:crafted":{"minecraft:oak_planks":8,"minecraft:charcoal":4,"minecraft:crafting_table":1,"luminousworld:white_oak_plank":8,"minecraft:stick":8,"minecraft:wooden_pickaxe":1,"minecraft:wooden_axe":1,"minecraft:stone_sword":1,"minecraft:furnace":1,"minecraft:air":0,"minecraft:cooked_mutton":1},"minecraft:used":{"minecraft:cooked_mutton":1,"minecraft:wooden_axe":15,"minecraft:stone_sword":26,"minecraft:wooden_pickaxe":41,"born_in_chaos_v1:marigolds":1,"minecraft:dirt":35,"minecraft:cobblestone":5,"minecraft:crafting_table":2,"minecraft:furnace":1,"alexsmobs:animal_dictionary":5,"tombstone:gift":1,"minecraft:birch_log":3,"minecraft:egg":1}},"DataVersion":3465}