{"stats":{"minecraft:mined":{"minecraft:birch_log":2},"minecraft:picked_up":{"minecraft:birch_log":2},"minecraft:custom":{"minecraft:jump":5,"minecraft:crouch_one_cm":95,"minecraft:leave_game":1,"minecraft:play_time":3782,"minecraft:sprint_one_cm":1719,"minecraft:damage_taken":20,"minecraft:time_since_death":3782,"minecraft:walk_one_cm":1945,"minecraft:sneak_time":21,"minecraft:total_world_time":3782,"minecraft:fall_one_cm":693,"minecraft:fly_one_cm":690,"minecraft:time_since_rest":3782},"minecraft:used":{"minecraft:birch_log":1}},"DataVersion":3465}