{"stats":{"minecraft:killed_by":{"minecraft:bee":1,"undead_revamp2:the_moonflower":1},"minecraft:dropped":{"minecraft:birch_log":1},"minecraft:mined":{"luminousworld:whiteoaklog":2,"minecraft:grass":1,"minecraft:grass_block":2,"minecraft:oak_log":1,"born_in_chaos_v1:marigolds":1,"minecraft:dirt":25,"minecraft:birch_log":4,"minecraft:oak_leaves":3},"minecraft:killed":{"luminousworld:swallowtail":1},"minecraft:picked_up":{"luminousworld:whiteoaklog":2,"minecraft:birch_log":4,"born_in_chaos_v1:marigolds":1,"minecraft:dirt":27,"minecraft:egg":1},"minecraft:custom":{"minecraft:time_since_rest":6318,"minecraft:crouch_one_cm":452,"minecraft:sprint_one_cm":74501,"minecraft:play_time":27271,"minecraft:deaths":2,"minecraft:damage_taken":575,"minecraft:walk_one_cm":54690,"minecraft:sneak_time":90,"minecraft:walk_under_water_one_cm":1389,"minecraft:mob_kills":1,"minecraft:drop":1,"minecraft:jump":254,"minecraft:damage_dealt":86,"minecraft:leave_game":2,"minecraft:walk_on_water_one_cm":3111,"minecraft:time_since_death":8173,"minecraft:total_world_time":27271,"minecraft:swim_one_cm":3089,"minecraft:fall_one_cm":5329,"minecraft:fly_one_cm":39922},"minecraft:used":{"minecraft:dirt":7,"tombstone:gift":1,"minecraft:birch_log":3,"alexsmobs:animal_dictionary":2,"minecraft:egg":1}},"DataVersion":3465}