{"stats":{"minecraft:killed_by":{"minecraft:bee":1},"minecraft:dropped":{"minecraft:birch_log":1},"minecraft:mined":{"minecraft:birch_log":4,"minecraft:oak_leaves":2},"minecraft:picked_up":{"minecraft:birch_log":4},"minecraft:custom":{"minecraft:time_since_rest":1,"minecraft:crouch_one_cm":409,"minecraft:sprint_one_cm":29928,"minecraft:play_time":17042,"minecraft:deaths":1,"minecraft:damage_taken":230,"minecraft:walk_one_cm":22358,"minecraft:sneak_time":83,"minecraft:walk_under_water_one_cm":782,"minecraft:drop":1,"minecraft:jump":100,"minecraft:damage_dealt":71,"minecraft:time_since_death":362,"minecraft:leave_game":2,"minecraft:walk_on_water_one_cm":1305,"minecraft:total_world_time":17042,"minecraft:swim_one_cm":1095,"minecraft:fall_one_cm":2342,"minecraft:fly_one_cm":13647},"minecraft:used":{"minecraft:birch_log":1,"alexsmobs:animal_dictionary":1}},"DataVersion":3465}