{"stats":{"minecraft:killed_by":{"undead_revamp2:the_moonflower":1,"minecraft:bee":1},"minecraft:dropped":{"minecraft:wooden_axe":1,"minecraft:birch_log":1},"minecraft:mined":{"luminousworld:whiteoaklog":2,"born_in_chaos_v1:marigolds":1,"minecraft:birch_log":4,"minecraft:crafting_table":1,"minecraft:grass":2,"minecraft:grass_block":5,"minecraft:oak_log":13,"minecraft:dirt":29,"minecraft:stone":16,"minecraft:oak_leaves":3},"minecraft:killed":{"minecraft:sheep":2,"luminousworld:swallowtail":1},"minecraft:picked_up":{"minecraft:wooden_axe":1,"minecraft:birch_log":4,"minecraft:crafting_table":1,"minecraft:oak_log":12,"minecraft:dirt":34,"luminousworld:whiteoaklog":2,"born_in_chaos_v1:marigolds":1,"minecraft:gray_wool":1,"minecraft:mutton":1,"minecraft:white_wool":1,"minecraft:cobblestone":16,"minecraft:egg":1},"minecraft:custom":{"minecraft:time_since_rest":18318,"minecraft:sprint_one_cm":86955,"minecraft:damage_taken":605,"minecraft:walk_one_cm":79056,"minecraft:mob_kills":3,"minecraft:drop":2,"minecraft:damage_dealt":246,"minecraft:swim_one_cm":3089,"minecraft:interact_with_crafting_table":2,"minecraft:fly_one_cm":46404,"minecraft:crouch_one_cm":618,"minecraft:play_time":39271,"minecraft:deaths":2,"minecraft:sneak_time":134,"minecraft:walk_under_water_one_cm":4541,"minecraft:jump":332,"minecraft:time_since_death":20173,"minecraft:leave_game":2,"minecraft:walk_on_water_one_cm":3424,"minecraft:total_world_time":39271,"minecraft:fall_one_cm":7098},"minecraft:crafted":{"minecraft:oak_planks":8,"minecraft:crafting_table":1,"luminousworld:white_oak_plank":8,"minecraft:stick":4,"minecraft:wooden_pickaxe":1,"minecraft:wooden_axe":1},"minecraft:used":{"minecraft:wooden_axe":10,"minecraft:wooden_pickaxe":16,"born_in_chaos_v1:marigolds":1,"minecraft:dirt":15,"minecraft:crafting_table":1,"minecraft:birch_log":3,"tombstone:gift":1,"alexsmobs:animal_dictionary":5,"minecraft:egg":1}},"DataVersion":3465}