{"stats":{"minecraft:killed":{"earthmobsmod:jumbo_rabbit":2,"minecraft:rabbit":1,"undead_revamp2:the_moonflower":1,"earthmobsmod:lobber_zombie":1,"luminousworld:swallowtail":1,"born_in_chaos_v1:siamese_skeletonsright":1,"minecraft:sheep":2,"minecraft:zombie":5,"minecraft:chicken":3,"born_in_chaos_v1:corpse_fly":9,"ecologics:coconut_crab":2},"minecraft:killed_by":{"undead_revamp2:the_moonflower":1,"minecraft:zombie":1,"minecraft:bee":1},"minecraft:mined":{"luminousworld:groundpebbles_1":1,"born_in_chaos_v1:marigolds":1,"iceandfire:silver_ore":3,"quark:yellow_blossom_leaves":36,"luminousworld:grassvariant_4":5,"minecraft:crafting_table":3,"minecraft:grass_block":11,"luminousworld:auburnlog":7,"luminousworld:grassvariant_2":10,"minecraft:cobblestone":4,"born_in_chaos_v1:gnawed_bones":2,"luminousworld:whiteoaklog":2,"minecraft:furnace":1,"minecraft:birch_log":27,"minecraft:grass":9,"minecraft:oak_log":41,"minecraft:coal_ore":9,"minecraft:dirt":35,"luminousworld:grassvariant_3":2,"minecraft:stone":54,"minecraft:oak_leaves":5},"minecraft:used":{"minecraft:cooked_mutton":1,"minecraft:stone_sword":123,"iceandfire:silver_sword":27,"minecraft:stone_pickaxe":33,"minecraft:wooden_pickaxe":59,"minecraft:sandstone":2,"minecraft:cooked_chicken":3,"minecraft:rotten_flesh":5,"minecraft:torch":1,"minecraft:dirt":55,"minecraft:crafting_table":6,"born_in_chaos_v1:corpse_maggot":3,"minecraft:wooden_axe":28,"born_in_chaos_v1:gnawed_bones":2,"born_in_chaos_v1:marigolds":1,"minecraft:stone_axe":48,"ecologics:coconut_slice":5,"minecraft:cobblestone":5,"minecraft:furnace":5,"alexsmobs:animal_dictionary":5,"minecraft:birch_log":3,"tombstone:gift":1,"minecraft:egg":1,"minecraft:cooked_beef":2},"minecraft:crafted":{"minecraft:oak_planks":128,"iceandfire:silver_ingot":3,"minecraft:crafting_table":3,"minecraft:wooden_pickaxe":1,"minecraft:cooked_chicken":3,"minecraft:furnace":4,"minecraft:stone_axe":1,"minecraft:cooked_mutton":1,"minecraft:air":0,"minecraft:charcoal":4,"luminousworld:white_oak_plank":8,"minecraft:stick":20,"quark:oak_chest":1,"minecraft:stone_pickaxe":1,"minecraft:wooden_axe":1,"minecraft:stone_sword":1,"minecraft:torch":12,"iceandfire:silver_sword":1},"minecraft:broken":{"minecraft:wooden_pickaxe":1},"minecraft:custom":{"minecraft:interact_with_furnace":32,"minecraft:mob_kills":32,"minecraft:interact_with_crafting_table":21,"minecraft:damage_dealt_resisted":100,"minecraft:leave_game":3,"minecraft:time_since_death":43406,"minecraft:time_since_rest":41007,"minecraft:sprint_one_cm":252736,"minecraft:damage_taken":1183,"minecraft:walk_one_cm":321859,"minecraft:drop":7,"minecraft:damage_dealt":3389,"minecraft:swim_one_cm":3710,"minecraft:fly_one_cm":126996,"minecraft:crouch_one_cm":775,"minecraft:play_time":92588,"tombstone:undead_killed":8,"minecraft:deaths":3,"minecraft:sneak_time":161,"minecraft:walk_under_water_one_cm":4995,"minecraft:jump":1096,"minecraft:walk_on_water_one_cm":6422,"minecraft:total_world_time":92588,"minecraft:fall_one_cm":16129},"minecraft:picked_up":{"minecraft:wooden_axe":1,"minecraft:birch_log":27,"luminousworld:groundpebbles_1":4,"born_in_chaos_v1:corpse_maggot":6,"minecraft:crafting_table":3,"minecraft:feather":1,"minecraft:cooked_beef":2,"minecraft:chicken":3,"minecraft:oak_log":40,"minecraft:dirt":63,"born_in_chaos_v1:marigolds":1,"minecraft:bone":2,"minecraft:wheat_seeds":1,"minecraft:rabbit_hide":6,"born_in_chaos_v1:gnawed_bones":3,"minecraft:rabbit":1,"minecraft:birch_sapling":4,"minecraft:furnace":1,"ecologics:crab_claw":2,"minecraft:egg":1,"minecraft:stick":1,"luminousworld:auburnlog":7,"minecraft:sandstone":2,"ecologics:coconut_slice":5,"minecraft:rabbit_foot":3,"luminousworld:whiteoaklog":2,"minecraft:rotten_flesh":5,"minecraft:gray_wool":1,"supplementaries:ash":2,"tombstone:magic_scroll":1,"minecraft:oak_sapling":1,"minecraft:mutton":1,"minecraft:coal":9,"minecraft:white_wool":1,"iceandfire:raw_silver":3,"minecraft:cobblestone":58,"born_in_chaos_v1:fused_bone":2},"minecraft:dropped":{"tombstone:magic_scroll":1,"minecraft:wooden_axe":1,"born_in_chaos_v1:corpse_maggot":3,"minecraft:birch_log":1,"quark:oak_chest":1}},"DataVersion":3465}