{"stats":{"minecraft:killed":{"earthmobsmod:jumbo_rabbit":2,"minecraft:rabbit":1,"undead_revamp2:the_moonflower":1,"earthmobsmod:lobber_zombie":1,"luminousworld:swallowtail":1,"born_in_chaos_v1:siamese_skeletonsright":1,"minecraft:sheep":2,"minecraft:zombie":5,"minecraft:chicken":1,"born_in_chaos_v1:corpse_fly":9,"ecologics:coconut_crab":2},"minecraft:killed_by":{"undead_revamp2:the_moonflower":1,"minecraft:zombie":1,"minecraft:bee":1},"minecraft:mined":{"luminousworld:groundpebbles_1":1,"born_in_chaos_v1:marigolds":1,"iceandfire:silver_ore":3,"quark:yellow_blossom_leaves":36,"luminousworld:grassvariant_4":2,"minecraft:crafting_table":3,"minecraft:grass_block":9,"luminousworld:grassvariant_2":8,"minecraft:cobblestone":4,"luminousworld:whiteoaklog":2,"minecraft:furnace":1,"minecraft:birch_log":15,"minecraft:grass":8,"minecraft:oak_log":19,"minecraft:coal_ore":9,"minecraft:dirt":33,"luminousworld:grassvariant_3":1,"minecraft:stone":35,"minecraft:oak_leaves":3},"minecraft:used":{"minecraft:cooked_mutton":1,"minecraft:stone_sword":123,"iceandfire:silver_sword":15,"minecraft:stone_pickaxe":14,"minecraft:wooden_pickaxe":59,"minecraft:cooked_chicken":1,"minecraft:rotten_flesh":5,"minecraft:torch":1,"minecraft:dirt":55,"minecraft:crafting_table":5,"born_in_chaos_v1:corpse_maggot":3,"minecraft:wooden_axe":28,"born_in_chaos_v1:marigolds":1,"minecraft:stone_axe":1,"ecologics:coconut_slice":5,"minecraft:cobblestone":5,"minecraft:furnace":3,"alexsmobs:animal_dictionary":5,"minecraft:birch_log":3,"tombstone:gift":1,"minecraft:egg":1,"minecraft:cooked_beef":2},"minecraft:crafted":{"minecraft:oak_planks":40,"iceandfire:silver_ingot":3,"minecraft:crafting_table":3,"minecraft:wooden_pickaxe":1,"minecraft:cooked_chicken":1,"minecraft:furnace":3,"minecraft:stone_axe":1,"minecraft:cooked_mutton":1,"minecraft:air":0,"minecraft:charcoal":4,"luminousworld:white_oak_plank":8,"minecraft:stick":16,"minecraft:stone_pickaxe":1,"minecraft:wooden_axe":1,"minecraft:stone_sword":1,"minecraft:torch":12,"iceandfire:silver_sword":1},"minecraft:broken":{"minecraft:wooden_pickaxe":1},"minecraft:custom":{"minecraft:interact_with_furnace":22,"minecraft:mob_kills":28,"minecraft:interact_with_crafting_table":16,"minecraft:damage_dealt_resisted":100,"minecraft:leave_game":3,"minecraft:time_since_death":31406,"minecraft:time_since_rest":29007,"minecraft:sprint_one_cm":186915,"minecraft:damage_taken":1183,"minecraft:walk_one_cm":270370,"minecraft:drop":6,"minecraft:damage_dealt":2871,"minecraft:swim_one_cm":3710,"minecraft:fly_one_cm":94732,"minecraft:crouch_one_cm":740,"minecraft:play_time":80588,"tombstone:undead_killed":8,"minecraft:deaths":3,"minecraft:sneak_time":149,"minecraft:walk_under_water_one_cm":4785,"minecraft:jump":898,"minecraft:walk_on_water_one_cm":6183,"minecraft:total_world_time":80588,"minecraft:fall_one_cm":13501},"minecraft:picked_up":{"minecraft:wooden_axe":1,"minecraft:birch_log":15,"luminousworld:groundpebbles_1":4,"born_in_chaos_v1:corpse_maggot":6,"minecraft:crafting_table":3,"minecraft:cooked_beef":2,"minecraft:chicken":1,"minecraft:oak_log":18,"minecraft:dirt":59,"born_in_chaos_v1:marigolds":1,"minecraft:bone":2,"minecraft:rabbit_hide":6,"born_in_chaos_v1:gnawed_bones":1,"minecraft:rabbit":1,"minecraft:furnace":1,"ecologics:crab_claw":2,"minecraft:egg":1,"minecraft:sandstone":2,"ecologics:coconut_slice":5,"minecraft:rabbit_foot":3,"luminousworld:whiteoaklog":2,"minecraft:rotten_flesh":5,"minecraft:gray_wool":1,"supplementaries:ash":2,"tombstone:magic_scroll":1,"minecraft:mutton":1,"minecraft:coal":9,"minecraft:white_wool":1,"iceandfire:raw_silver":3,"minecraft:cobblestone":39,"born_in_chaos_v1:fused_bone":1},"minecraft:dropped":{"tombstone:magic_scroll":1,"minecraft:wooden_axe":1,"born_in_chaos_v1:corpse_maggot":3,"minecraft:birch_log":1}},"DataVersion":3465}