{"stats":{"minecraft:killed":{"alexsmobs:seal":1,"minecraft:rabbit":1,"minecraft:spider":1,"born_in_chaos_v1:maggot":2,"minecraft:sheep":2,"born_in_chaos_v1:siamese_skeletonsleft":1,"minecraft:cow":2},"minecraft:mined":{"luminousworld:grassvariant_4":4,"minecraft:crafting_table":2,"minecraft:grass_block":4,"luminousworld:grassvariant_2":4,"minecraft:cobblestone":1,"minecraft:diorite":2,"luminousworld:groundpebbles_3":1,"luminousworld:whiteoaklog":8,"minecraft:furnace":2,"luminousworld:yellow_grassflowers":1,"ecologics:seashell":1,"minecraft:birch_log":9,"minecraft:iron_ore":9,"minecraft:birch_leaves":1,"minecraft:grass":10,"minecraft:oak_log":2,"minecraft:coal_ore":19,"minecraft:dirt":5,"luminousworld:grassvariant_3":2,"minecraft:stone":80,"minecraft:oak_leaves":5},"minecraft:killed_by":{"born_in_chaos_v1:siamese_skeletonsright":1,"minecraft:drowned":1},"minecraft:used":{"minecraft:cooked_mutton":2,"minecraft:diorite":2,"minecraft:stone_pickaxe":100,"minecraft:wooden_pickaxe":7,"luminousworld:groundpebbles_1":1,"luminousworld:yellow_grassflowers":1,"minecraft:torch":2,"minecraft:dirt":9,"minecraft:crafting_table":5,"born_in_chaos_v1:corpse_maggot":4,"minecraft:wooden_axe":3,"minecraft:iron_axe":8,"minecraft:iron_pickaxe":11,"tombstone:magic_scroll":9,"minecraft:stone_axe":98,"ecologics:coconut_slice":8,"minecraft:cobblestone":44,"supplementaries:ash":1,"minecraft:furnace":5,"minecraft:cooked_rabbit":1,"minecraft:birch_log":1,"quark:oak_chest":1,"tombstone:gift":2,"alexsmobs:animal_dictionary":1,"minecraft:cooked_beef":1},"minecraft:crafted":{"minecraft:cooked_beef":4,"minecraft:oak_planks":8,"minecraft:crafting_table":3,"minecraft:wooden_pickaxe":1,"minecraft:furnace":3,"minecraft:birch_planks":20,"minecraft:stone_axe":2,"minecraft:cooked_mutton":3,"minecraft:air":0,"minecraft:iron_axe":1,"luminousworld:white_oak_plank":32,"minecraft:stick":20,"minecraft:iron_ingot":9,"minecraft:iron_pickaxe":1,"minecraft:stone_pickaxe":1,"minecraft:wooden_axe":1,"minecraft:iron_shovel":1,"minecraft:torch":16,"minecraft:cooked_rabbit":1},"minecraft:broken":{"minecraft:stone_axe":1},"minecraft:custom":{"minecraft:interact_with_furnace":14,"minecraft:mob_kills":10,"minecraft:interact_with_crafting_table":31,"minecraft:time_since_death":23265,"minecraft:time_since_rest":22393,"minecraft:sprint_one_cm":187109,"minecraft:damage_taken":925,"minecraft:walk_one_cm":234417,"minecraft:drop":2,"minecraft:damage_dealt":1931,"minecraft:swim_one_cm":23144,"minecraft:fly_one_cm":39580,"minecraft:open_chest":6,"minecraft:crouch_one_cm":185,"minecraft:play_time":59991,"tombstone:undead_killed":1,"minecraft:deaths":2,"minecraft:sneak_time":246,"minecraft:walk_under_water_one_cm":7009,"minecraft:jump":763,"minecraft:walk_on_water_one_cm":22234,"minecraft:total_world_time":59991,"minecraft:fall_one_cm":12048},"minecraft:picked_up":{"born_in_chaos_v1:fused_bone":1,"minecraft:birch_log":9,"luminousworld:groundpebbles_1":1,"born_in_chaos_v1:corpse_maggot":4,"minecraft:crafting_table":2,"minecraft:leather":1,"ecologics:seashell":1,"minecraft:oak_log":2,"minecraft:dirt":9,"minecraft:bone":1,"minecraft:wheat_seeds":2,"minecraft:rabbit_hide":1,"minecraft:beef":4,"minecraft:rabbit":1,"minecraft:birch_sapling":1,"ecologics:crab_claw":1,"minecraft:furnace":2,"minecraft:raw_iron":9,"ecologics:coconut_slice":14,"minecraft:torch":1,"minecraft:diorite":2,"quark:oak_chest":1,"minecraft:spider_eye":1,"luminousworld:whiteoaklog":8,"minecraft:arrow":1,"minecraft:rotten_flesh":1,"luminousworld:yellow_grassflowers":1,"minecraft:iron_helmet":1,"minecraft:gray_wool":1,"supplementaries:ash":1,"tombstone:magic_scroll":1,"minecraft:mutton":3,"minecraft:coal":27,"minecraft:white_wool":1,"minecraft:cobblestone":80},"minecraft:dropped":{"minecraft:cooked_beef":2}},"DataVersion":3465}