{"stats":{"minecraft:killed_by":{"born_in_chaos_v1:siamese_skeletonsright":1},"minecraft:mined":{"luminousworld:yellow_grassflowers":1,"luminousworld:grassvariant_4":1,"minecraft:iron_ore":7,"minecraft:birch_log":6,"minecraft:crafting_table":1,"minecraft:grass":4,"minecraft:grass_block":3,"minecraft:dirt":3,"minecraft:stone":58,"minecraft:diorite":2,"minecraft:oak_leaves":1,"luminousworld:groundpebbles_3":1},"minecraft:killed":{"minecraft:spider":1},"minecraft:picked_up":{"minecraft:birch_log":6,"luminousworld:groundpebbles_1":1,"minecraft:raw_iron":7,"minecraft:crafting_table":1,"minecraft:diorite":2,"minecraft:spider_eye":1,"minecraft:dirt":6,"luminousworld:yellow_grassflowers":1,"minecraft:cobblestone":56},"minecraft:custom":{"minecraft:time_since_rest":6362,"minecraft:sprint_one_cm":25169,"minecraft:damage_taken":501,"minecraft:walk_one_cm":77697,"minecraft:mob_kills":1,"minecraft:damage_dealt":599,"minecraft:interact_with_crafting_table":18,"minecraft:fly_one_cm":5696,"minecraft:crouch_one_cm":185,"minecraft:play_time":18325,"minecraft:deaths":1,"minecraft:sneak_time":50,"minecraft:walk_under_water_one_cm":1836,"minecraft:jump":240,"minecraft:time_since_death":7304,"minecraft:walk_on_water_one_cm":7034,"minecraft:total_world_time":18325,"minecraft:fall_one_cm":3927},"minecraft:crafted":{"minecraft:crafting_table":1,"minecraft:stick":12,"minecraft:wooden_pickaxe":1,"minecraft:stone_pickaxe":1,"minecraft:wooden_axe":1,"minecraft:birch_planks":20,"minecraft:stone_axe":1},"minecraft:used":{"minecraft:wooden_axe":3,"minecraft:stone_pickaxe":60,"minecraft:wooden_pickaxe":7,"luminousworld:groundpebbles_1":1,"luminousworld:yellow_grassflowers":1,"minecraft:stone_axe":30,"minecraft:cobblestone":12,"minecraft:crafting_table":2,"minecraft:birch_log":1,"alexsmobs:animal_dictionary":1}},"DataVersion":3465}