{"stats":{"minecraft:mined":{"minecraft:grass":1,"minecraft:birch_log":6,"minecraft:stone":7},"minecraft:picked_up":{"minecraft:birch_log":6,"minecraft:cobblestone":6},"minecraft:custom":{"minecraft:time_since_rest":6325,"minecraft:crouch_one_cm":99,"minecraft:play_time":6325,"minecraft:sprint_one_cm":1416,"minecraft:walk_one_cm":10834,"minecraft:sneak_time":24,"minecraft:jump":17,"minecraft:walk_on_water_one_cm":326,"minecraft:time_since_death":6325,"minecraft:total_world_time":6325,"minecraft:interact_with_crafting_table":16,"minecraft:fly_one_cm":54},"minecraft:crafted":{"minecraft:birch_planks":20,"minecraft:stone_axe":1,"minecraft:crafting_table":1,"minecraft:stick":8,"minecraft:wooden_pickaxe":1,"minecraft:stone_pickaxe":1,"minecraft:wooden_axe":1},"minecraft:used":{"minecraft:wooden_axe":3,"minecraft:crafting_table":1,"minecraft:birch_log":1,"alexsmobs:animal_dictionary":1,"minecraft:wooden_pickaxe":7}},"DataVersion":3465}