{"stats":{"minecraft:killed":{"undead_revamp2:the_moonflower":1,"alexsmobs:seal":1,"minecraft:rabbit":1,"minecraft:spider":1,"born_in_chaos_v1:decrepit_skeleton":1,"born_in_chaos_v1:maggot":4,"minecraft:skeleton":1,"minecraft:sheep":3,"born_in_chaos_v1:siamese_skeletonsleft":1,"minecraft:cow":2},"minecraft:mined":{"luminousworld:grassvariant_4":4,"minecraft:crafting_table":2,"minecraft:spruce_fence":1,"minecraft:grass_block":6,"minecraft:melon":11,"luminousworld:grassvariant_2":5,"minecraft:cobblestone":1,"minecraft:diorite":2,"luminousworld:groundpebbles_3":1,"minecraft:spawner":2,"luminousworld:whiteoaklog":8,"minecraft:furnace":2,"luminousworld:yellow_grassflowers":1,"ecologics:seashell":1,"minecraft:birch_log":9,"minecraft:iron_ore":9,"minecraft:birch_leaves":1,"minecraft:grass":10,"minecraft:oak_log":2,"minecraft:coal_ore":29,"minecraft:dirt":10,"luminousworld:grassvariant_3":2,"minecraft:stone":242,"minecraft:oak_leaves":8},"minecraft:killed_by":{"born_in_chaos_v1:siamese_skeletonsright":1,"born_in_chaos_v1:corpse_fly":1,"minecraft:drowned":1},"minecraft:used":{"minecraft:cooked_mutton":3,"minecraft:diorite":2,"minecraft:iron_shovel":7,"minecraft:stone_pickaxe":127,"minecraft:wooden_pickaxe":7,"luminousworld:groundpebbles_1":1,"luminousworld:yellow_grassflowers":1,"minecraft:torch":8,"minecraft:dirt":9,"minecraft:crafting_table":5,"born_in_chaos_v1:corpse_maggot":4,"minecraft:wooden_axe":3,"minecraft:iron_axe":83,"minecraft:melon_slice":10,"minecraft:iron_pickaxe":160,"tombstone:magic_scroll":9,"minecraft:stone_axe":106,"ecologics:coconut_slice":12,"minecraft:cobblestone":87,"supplementaries:ash":1,"minecraft:furnace":5,"minecraft:cooked_rabbit":1,"minecraft:birch_log":1,"quark:oak_chest":1,"tombstone:gift":2,"alexsmobs:animal_dictionary":1,"minecraft:cooked_beef":1},"minecraft:crafted":{"minecraft:cooked_beef":4,"minecraft:oak_planks":8,"minecraft:crafting_table":3,"minecraft:wooden_pickaxe":1,"minecraft:furnace":3,"minecraft:birch_planks":20,"minecraft:stone_axe":2,"minecraft:cooked_mutton":3,"minecraft:air":0,"minecraft:iron_axe":1,"luminousworld:white_oak_plank":32,"minecraft:stick":24,"minecraft:iron_ingot":9,"minecraft:iron_pickaxe":1,"minecraft:stone_pickaxe":1,"minecraft:wooden_axe":1,"minecraft:iron_shovel":1,"minecraft:torch":32,"minecraft:cooked_rabbit":1},"minecraft:broken":{"minecraft:stone_axe":1,"minecraft:stone_pickaxe":1},"minecraft:custom":{"minecraft:interact_with_furnace":14,"minecraft:mob_kills":16,"minecraft:interact_with_crafting_table":31,"minecraft:open_barrel":4,"minecraft:leave_game":1,"minecraft:time_since_death":7586,"minecraft:climb_one_cm":786,"minecraft:time_since_rest":5187,"minecraft:sprint_one_cm":260411,"minecraft:damage_taken":1360,"minecraft:walk_one_cm":353408,"minecraft:drop":2,"minecraft:damage_dealt":3159,"minecraft:swim_one_cm":32430,"minecraft:fly_one_cm":64778,"minecraft:open_chest":10,"minecraft:crouch_one_cm":1516,"minecraft:play_time":88505,"tombstone:undead_killed":4,"minecraft:deaths":3,"minecraft:sneak_time":1574,"minecraft:walk_under_water_one_cm":7177,"minecraft:jump":1202,"minecraft:walk_on_water_one_cm":23326,"minecraft:total_world_time":88505,"minecraft:fall_one_cm":21617},"minecraft:picked_up":{"born_in_chaos_v1:fused_bone":1,"minecraft:birch_log":9,"luminousworld:groundpebbles_1":1,"born_in_chaos_v1:corpse_maggot":4,"minecraft:crafting_table":2,"minecraft:leather":1,"ecologics:seashell":1,"minecraft:oak_log":2,"minecraft:string":1,"minecraft:dirt":15,"minecraft:bone":3,"minecraft:wheat_seeds":2,"minecraft:rabbit_hide":1,"minecraft:iron_ingot":2,"minecraft:beef":4,"minecraft:rabbit":1,"minecraft:melon_slice":59,"minecraft:birch_sapling":1,"ecologics:crab_claw":1,"minecraft:furnace":2,"minecraft:raw_iron":9,"ecologics:coconut_slice":14,"minecraft:torch":2,"born_in_chaos_v1:ethereal_spirit":1,"minecraft:spruce_fence":1,"minecraft:diorite":2,"quark:oak_chest":1,"minecraft:spider_eye":2,"luminousworld:whiteoaklog":8,"minecraft:arrow":1,"minecraft:rotten_flesh":6,"luminousworld:yellow_grassflowers":1,"minecraft:iron_helmet":1,"minecraft:gray_wool":1,"supplementaries:ash":1,"tombstone:magic_scroll":1,"minecraft:mutton":4,"minecraft:coal":36,"minecraft:white_wool":2,"minecraft:cobblestone":243},"minecraft:dropped":{"minecraft:cooked_beef":2}},"DataVersion":3465}