{"stats":{"minecraft:killed":{"alexsmobs:seal":1,"minecraft:rabbit":1,"minecraft:spider":1,"born_in_chaos_v1:maggot":2,"minecraft:sheep":2,"minecraft:cow":2},"minecraft:mined":{"luminousworld:grassvariant_4":4,"minecraft:crafting_table":2,"minecraft:grass_block":4,"luminousworld:grassvariant_2":3,"minecraft:diorite":2,"luminousworld:groundpebbles_3":1,"minecraft:furnace":2,"luminousworld:yellow_grassflowers":1,"ecologics:seashell":1,"minecraft:birch_log":6,"minecraft:iron_ore":9,"minecraft:grass":9,"minecraft:coal_ore":4,"minecraft:dirt":5,"luminousworld:grassvariant_3":2,"minecraft:stone":69,"minecraft:oak_leaves":5},"minecraft:killed_by":{"born_in_chaos_v1:siamese_skeletonsright":1,"minecraft:drowned":1},"minecraft:used":{"minecraft:diorite":2,"minecraft:stone_pickaxe":84,"minecraft:wooden_pickaxe":7,"luminousworld:groundpebbles_1":1,"luminousworld:yellow_grassflowers":1,"minecraft:dirt":9,"minecraft:crafting_table":4,"born_in_chaos_v1:corpse_maggot":4,"minecraft:wooden_axe":3,"tombstone:magic_scroll":9,"minecraft:stone_axe":86,"ecologics:coconut_slice":8,"minecraft:cobblestone":32,"supplementaries:ash":1,"minecraft:furnace":4,"minecraft:cooked_rabbit":1,"minecraft:birch_log":1,"tombstone:gift":2,"alexsmobs:animal_dictionary":1,"minecraft:cooked_beef":1},"minecraft:crafted":{"minecraft:cooked_beef":4,"minecraft:crafting_table":2,"minecraft:wooden_pickaxe":1,"minecraft:furnace":2,"minecraft:birch_planks":20,"minecraft:stone_axe":1,"minecraft:air":0,"minecraft:stick":12,"minecraft:stone_pickaxe":1,"minecraft:wooden_axe":1,"minecraft:cooked_rabbit":1},"minecraft:broken":{"minecraft:stone_axe":1},"minecraft:custom":{"minecraft:interact_with_furnace":6,"minecraft:mob_kills":9,"minecraft:interact_with_crafting_table":20,"minecraft:time_since_death":11265,"minecraft:time_since_rest":10393,"minecraft:sprint_one_cm":139625,"minecraft:damage_taken":807,"minecraft:walk_one_cm":192555,"minecraft:drop":2,"minecraft:damage_dealt":1807,"minecraft:swim_one_cm":23144,"minecraft:fly_one_cm":31427,"minecraft:crouch_one_cm":185,"minecraft:play_time":47991,"minecraft:deaths":2,"minecraft:sneak_time":246,"minecraft:walk_under_water_one_cm":7009,"minecraft:jump":640,"minecraft:walk_on_water_one_cm":22234,"minecraft:total_world_time":47991,"minecraft:fall_one_cm":10332},"minecraft:picked_up":{"minecraft:birch_log":6,"luminousworld:groundpebbles_1":1,"born_in_chaos_v1:corpse_maggot":4,"minecraft:crafting_table":2,"minecraft:leather":1,"ecologics:seashell":1,"minecraft:dirt":9,"minecraft:wheat_seeds":2,"minecraft:rabbit_hide":1,"minecraft:beef":4,"minecraft:rabbit":1,"ecologics:crab_claw":1,"minecraft:furnace":2,"minecraft:raw_iron":9,"ecologics:coconut_slice":14,"minecraft:diorite":2,"minecraft:spider_eye":1,"minecraft:rotten_flesh":1,"luminousworld:yellow_grassflowers":1,"minecraft:iron_helmet":1,"minecraft:gray_wool":1,"supplementaries:ash":1,"tombstone:magic_scroll":1,"minecraft:mutton":3,"minecraft:coal":12,"minecraft:white_wool":1,"minecraft:cobblestone":68},"minecraft:dropped":{"minecraft:cooked_beef":2}},"DataVersion":3465}