{"stats":{"minecraft:killed_by":{"born_in_chaos_v1:siamese_skeletonsright":1},"minecraft:dropped":{"minecraft:cooked_beef":2},"minecraft:mined":{"minecraft:furnace":2,"luminousworld:yellow_grassflowers":1,"luminousworld:grassvariant_4":4,"minecraft:iron_ore":9,"minecraft:birch_log":6,"minecraft:crafting_table":2,"minecraft:grass":7,"minecraft:grass_block":4,"minecraft:coal_ore":4,"minecraft:dirt":5,"luminousworld:grassvariant_2":3,"luminousworld:grassvariant_3":2,"minecraft:stone":69,"minecraft:diorite":2,"minecraft:oak_leaves":5,"luminousworld:groundpebbles_3":1},"minecraft:killed":{"alexsmobs:seal":1,"minecraft:rabbit":1,"minecraft:spider":1,"minecraft:cow":2,"born_in_chaos_v1:maggot":2},"minecraft:picked_up":{"minecraft:birch_log":6,"born_in_chaos_v1:corpse_maggot":1,"luminousworld:groundpebbles_1":1,"minecraft:raw_iron":9,"minecraft:crafting_table":2,"minecraft:leather":1,"minecraft:diorite":2,"minecraft:spider_eye":1,"minecraft:dirt":9,"minecraft:rotten_flesh":1,"luminousworld:yellow_grassflowers":1,"minecraft:wheat_seeds":2,"minecraft:rabbit_hide":1,"minecraft:iron_helmet":1,"minecraft:beef":4,"minecraft:rabbit":1,"supplementaries:ash":1,"tombstone:magic_scroll":1,"minecraft:coal":12,"minecraft:furnace":2,"minecraft:cobblestone":68},"minecraft:custom":{"minecraft:time_since_rest":18362,"minecraft:interact_with_furnace":4,"minecraft:sprint_one_cm":69909,"minecraft:damage_taken":561,"minecraft:walk_one_cm":138223,"minecraft:mob_kills":7,"minecraft:drop":2,"minecraft:damage_dealt":1138,"minecraft:interact_with_crafting_table":20,"minecraft:fly_one_cm":14026,"minecraft:crouch_one_cm":185,"minecraft:play_time":30325,"minecraft:deaths":1,"minecraft:sneak_time":50,"minecraft:walk_under_water_one_cm":1836,"minecraft:jump":389,"minecraft:time_since_death":19304,"minecraft:walk_on_water_one_cm":7034,"minecraft:total_world_time":30325,"minecraft:fall_one_cm":5850},"minecraft:crafted":{"minecraft:crafting_table":2,"minecraft:stick":12,"minecraft:wooden_pickaxe":1,"minecraft:stone_pickaxe":1,"minecraft:wooden_axe":1,"minecraft:furnace":2,"minecraft:birch_planks":20,"minecraft:stone_axe":1,"minecraft:air":0,"minecraft:cooked_beef":4},"minecraft:used":{"born_in_chaos_v1:corpse_maggot":1,"minecraft:wooden_axe":3,"minecraft:stone_pickaxe":80,"tombstone:magic_scroll":9,"minecraft:wooden_pickaxe":7,"luminousworld:groundpebbles_1":1,"luminousworld:yellow_grassflowers":1,"minecraft:stone_axe":64,"minecraft:dirt":4,"minecraft:cobblestone":26,"supplementaries:ash":1,"minecraft:crafting_table":4,"minecraft:furnace":3,"minecraft:birch_log":1,"tombstone:gift":2,"alexsmobs:animal_dictionary":1,"minecraft:cooked_beef":1}},"DataVersion":3465}